product_id,brand,title,description,category,subcategory,gender,color,material,fit,sleeve,pattern,price,health_score,health_classification,attribute_completeness_score,title_quality_score,description_quality_score,category_consistency_score,missing_attributes,quality_issues
PROD_001,Manyavar,Manyavar Men's Black Pure Cotton Kurta,"Elevate your wardrobe with this black kurtas from Manyavar. Crafted from premium linen fabric offering superior comfort and durability. Features printed design, suitable for casual outings and daily wear. Wash care: Machine wash cold with similar colors.",Kurtas,Ethnic Kurta,Men,Black,Linen,,Half Sleeve,Printed,799.0,95.42,Excellent,91.67,95.0,100.0,100.0,"[""fit""]","[""Missing required attributes: fit""]"
PROD_002,Manyavar,Men's Kurtas,"Elevate your wardrobe with this grey kurtas from Manyavar. Crafted from premium viscose fabric offering superior comfort and durability. Features solid design, suitable for casual outings and daily wear. Wash care: Machine wash cold with similar colors.",Kurtas,Ethnic Kurta,Men,Grey,Viscose,Regular,Full Sleeve,Solid,1299.0,87.5,Excellent,100.0,50.0,100.0,100.0,[],"[""Title is too brief (< 20 characters)"", ""Brand 'manyavar' not found in title"", ""Title lacks key descriptive modifiers (color, fit, or material)""]"
PROD_003,Libas,Libas Men's Black Pure Cotton Kurta,Nice kurtas for daily wear.,Kurtas,Ethnic Kurta,Men,Black,Rayon,,Long Sleeve,Printed,2999.0,79.42,Good,91.67,95.0,20.0,100.0,"[""fit""]","[""Missing required attributes: fit"", ""Description is missing or critically inadequate (< 30 characters)"", ""Description does not specify fabric / material details""]"
PROD_004,Taavi,Taavi Men's Navy Viscose Solid Kurtas,"Elevate your wardrobe with this navy kurtas from Taavi. Crafted from premium viscose fabric offering superior comfort and durability. Features solid design, suitable for casual outings and daily wear. Wash care: Machine wash cold with similar colors.",Kurtas,Ethnic Kurta,Men,Navy,Viscose,Skinny,Sleeveless,Solid,1299.0,100.0,Excellent,100.0,100.0,100.0,100.0,[],[]
PROD_005,Taavi,Taavi Men's Black Pure Cotton Kurta,"Elevate your wardrobe with this green kurtas from Taavi. Crafted from premium linen fabric offering superior comfort and durability. Features striped design, suitable for casual outings and daily wear. Wash care: Machine wash cold with similar colors.",Kurtas,Ethnic Kurta,Men,Black,Linen,,Half Sleeve,Striped,799.0,95.42,Excellent,91.67,95.0,100.0,100.0,"[""fit""]","[""Missing required attributes: fit""]"
PROD_006,Manyavar,Manyavar Men's Yellow Cotton Checked Kurtas,"Elevate your wardrobe with this yellow kurtas from Manyavar. Crafted from premium cotton fabric offering superior comfort and durability. Features checked design, suitable for casual outings and daily wear. Wash care: Machine wash cold with similar colors.",Kurtas,Ethnic Kurta,Men,Yellow,Cotton,Oversized,Sleeveless,Checked,1599.0,100.0,Excellent,100.0,100.0,100.0,100.0,[],[]
PROD_007,FabIndia,FabIndia Men's Black Pure Cotton Kurta,"Elevate your wardrobe with this maroon kurtas from FabIndia. Crafted from premium viscose fabric offering superior comfort and durability. Features floral design, suitable for casual outings and daily wear. Wash care: Machine wash cold with similar colors.",Kurtas,Ethnic Kurta,Men,Black,Viscose,,Full Sleeve,Floral,799.0,95.42,Excellent,91.67,95.0,100.0,100.0,"[""fit""]","[""Missing required attributes: fit""]"
PROD_008,W,W Men's Brown Rayon Checked Kurtas,"Elevate your wardrobe with this brown kurtas from W. Crafted from premium rayon fabric offering superior comfort and durability. Features checked design, suitable for casual outings and daily wear. Wash care: Machine wash cold with similar colors.",Kurtas,Ethnic Kurta,Men,Brown,Rayon,Straight,Sleeveless,Checked,1299.0,100.0,Excellent,100.0,100.0,100.0,100.0,[],[]
PROD_009,Manyavar,Manyavar Men's Black Pure Cotton Kurta,"Elevate your wardrobe with this black kurtas from Manyavar. Crafted from premium silk fabric offering superior comfort and durability. Features solid design, suitable for casual outings and daily wear. Wash care: Machine wash cold with similar colors.",Kurtas,Ethnic Kurta,Men,Black,Silk,,Sleeveless,Solid,1299.0,95.42,Excellent,91.67,95.0,100.0,100.0,"[""fit""]","[""Missing required attributes: fit""]"
PROD_010,Manyavar,Manyavar Men's Yellow Linen Printed Kurtas,"Elevate your wardrobe with this yellow kurtas from Manyavar. Crafted from premium linen fabric offering superior comfort and durability. Features printed design, suitable for casual outings and daily wear. Wash care: Machine wash cold with similar colors.",Kurtas,Ethnic Kurta,Men,Yellow,Linen,Relaxed,Sleeveless,Printed,1599.0,100.0,Excellent,100.0,100.0,100.0,100.0,[],[]
PROD_011,House of Pataudi,House of Pataudi Men's Black Pure Cotton Kurta,"Elevate your wardrobe with this navy kurtas from House of Pataudi. Crafted from premium linen fabric offering superior comfort and durability. Features checked design, suitable for casual outings and daily wear. Wash care: Machine wash cold with similar colors.",Kurtas,Ethnic Kurta,Men,Black,Linen,,Full Sleeve,Checked,1299.0,95.42,Excellent,91.67,95.0,100.0,100.0,"[""fit""]","[""Missing required attributes: fit""]"
PROD_012,Libas,Libas Men's Blue Viscose Embroidered Kurtas,"Elevate your wardrobe with this blue kurtas from Libas. Crafted from premium viscose fabric offering superior comfort and durability. Features embroidered design, suitable for casual outings and daily wear. Wash care: Machine wash cold with similar colors.",Kurtas,Ethnic Kurta,Men,Blue,Viscose,Relaxed,Sleeveless,Embroidered,2999.0,100.0,Excellent,100.0,100.0,100.0,100.0,[],[]
PROD_013,Libas,Libas Men's Brown Linen Printed Kurtas,"Elevate your wardrobe with this brown kurtas from Libas. Crafted from premium linen fabric offering superior comfort and durability. Features printed design, suitable for casual outings and daily wear. Wash care: Machine wash cold with similar colors.",Kurtas,Ethnic Kurta,Men,Brown,Linen,Straight,Full Sleeve,Printed,799.0,100.0,Excellent,100.0,100.0,100.0,100.0,[],[]
PROD_014,House of Pataudi,House of Pataudi Men's Yellow Linen Checked Kurtas,"Elevate your wardrobe with this yellow kurtas from House of Pataudi. Crafted from premium linen fabric offering superior comfort and durability. Features checked design, suitable for casual outings and daily wear. Wash care: Machine wash cold with similar colors.",Kurtas,Ethnic Kurta,Men,Yellow,Linen,Regular,Half Sleeve,Checked,1599.0,100.0,Excellent,100.0,100.0,100.0,100.0,[],[]
PROD_015,Libas,Libas Men's Brown Viscose Printed Kurtas,"Elevate your wardrobe with this brown kurtas from Libas. Crafted from premium viscose fabric offering superior comfort and durability. Features printed design, suitable for casual outings and daily wear. Wash care: Machine wash cold with similar colors.",Kurtas,Ethnic Kurta,Men,Brown,Viscose,Relaxed,Short Sleeve,Printed,1599.0,100.0,Excellent,100.0,100.0,100.0,100.0,[],[]
PROD_016,Anouk,Anouk Men's Navy Rayon Embroidered Kurtas,"Elevate your wardrobe with this navy kurtas from Anouk. Crafted from premium rayon fabric offering superior comfort and durability. Features embroidered design, suitable for casual outings and daily wear. Wash care: Machine wash cold with similar colors.",Kurtas,Ethnic Kurta,Men,Navy,Rayon,Skinny,Sleeveless,Embroidered,2999.0,100.0,Excellent,100.0,100.0,100.0,100.0,[],[]
PROD_017,Taavi,Taavi Men's Grey Viscose Printed Kurtas,"Elevate your wardrobe with this grey kurtas from Taavi. Crafted from premium viscose fabric offering superior comfort and durability. Features printed design, suitable for casual outings and daily wear. Wash care: Machine wash cold with similar colors.",Kurtas,Ethnic Kurta,Men,Grey,Viscose,Oversized,Half Sleeve,Printed,2999.0,100.0,Excellent,100.0,100.0,100.0,100.0,[],[]
PROD_018,Soch,Soch Men's White Cotton Printed Kurtas,"Elevate your wardrobe with this white kurtas from Soch. Crafted from premium cotton fabric offering superior comfort and durability. Features printed design, suitable for casual outings and daily wear. Wash care: Machine wash cold with similar colors.",Kurtas,Ethnic Kurta,Men,White,Cotton,Straight,Full Sleeve,Printed,1299.0,100.0,Excellent,100.0,100.0,100.0,100.0,[],[]
PROD_019,Taavi,Taavi Women's Grey Cotton Checked Kurtas,"Elevate your wardrobe with this grey kurtas from Taavi. Crafted from premium cotton fabric offering superior comfort and durability. Features checked design, suitable for casual outings and daily wear. Wash care: Machine wash cold with similar colors.",Kurtas,Anarkali Kurta,Women,Grey,Cotton,Relaxed,Short Sleeve,Checked,2199.0,100.0,Excellent,100.0,100.0,100.0,100.0,[],[]
PROD_020,W,W Women's Beige Cotton Embroidered Kurtas,"Elevate your wardrobe with this beige kurtas from W. Crafted from premium cotton fabric offering superior comfort and durability. Features embroidered design, suitable for casual outings and daily wear. Wash care: Machine wash cold with similar colors.",Kurtas,Anarkali Kurta,Women,Beige,Cotton,Wide Leg,Full Sleeve,Embroidered,2999.0,100.0,Excellent,100.0,100.0,100.0,100.0,[],[]
PROD_021,Wrogn,Wrogn Men's White Cotton Floral Shirts,"Elevate your wardrobe with this white shirts from Wrogn. Crafted from premium cotton fabric offering superior comfort and durability. Features floral design, suitable for casual outings and daily wear. Wash care: Machine wash cold with similar colors.",Shirts,Formal Shirt,Men,White,Cotton,Regular,Sleeveless,Floral,1199.0,100.0,Excellent,100.0,100.0,100.0,100.0,[],[]
PROD_022,Peter England,Men's Shirts,"Elevate your wardrobe with this white shirts from Peter England. Crafted from premium cotton fabric offering superior comfort and durability. Features checked design, suitable for casual outings and daily wear. Wash care: Machine wash cold with similar colors.",Shirts,Formal Shirt,Men,White,Cotton,Skinny,Half Sleeve,Checked,899.0,87.5,Excellent,100.0,50.0,100.0,100.0,[],"[""Title is too brief (< 20 characters)"", ""Brand 'peter england' not found in title"", ""Title lacks key descriptive modifiers (color, fit, or material)""]"
PROD_023,Highlander,Highlander Men's White Cotton Printed Shirts,Nice shirts for daily wear.,Shirts,Formal Shirt,Men,White,Cotton,Slim,Sleeveless,Printed,899.0,84.0,Good,100.0,100.0,20.0,100.0,[],"[""Description is missing or critically inadequate (< 30 characters)"", ""Description does not specify fabric / material details""]"
PROD_024,Louis Philippe,Louis Philippe Men's White Cotton Striped Shirts,"Elevate your wardrobe with this white shirts from Louis Philippe. Crafted from premium cotton fabric offering superior comfort and durability. Features striped design, suitable for casual outings and daily wear. Wash care: Machine wash cold with similar colors.",Shirts,Formal Shirt,Men,White,Cotton,Regular,Full Sleeve,Striped,1499.0,100.0,Excellent,100.0,100.0,100.0,100.0,[],[]
PROD_025,Allen Solly,Allen Solly Men's White Cotton Solid Shirts,"Elevate your wardrobe with this white shirts from Allen Solly. Crafted from premium cotton fabric offering superior comfort and durability. Features solid design, suitable for casual outings and daily wear. Wash care: Machine wash cold with similar colors.",Shirts,Formal Shirt,Men,White,Cotton,Skinny,Full Sleeve,Solid,1999.0,100.0,Excellent,100.0,100.0,100.0,100.0,[],[]
PROD_026,Roadster,Roadster Men's White Cotton Checked Shirts,"Elevate your wardrobe with this white shirts from Roadster. Crafted from premium cotton fabric offering superior comfort and durability. Features checked design, suitable for casual outings and daily wear. Wash care: Machine wash cold with similar colors.",Shirts,Formal Shirt,Men,White,Cotton,Slim,Short Sleeve,Checked,1199.0,100.0,Excellent,100.0,100.0,100.0,100.0,[],[]
PROD_027,Wrogn,Wrogn Men's White Cotton Embroidered Shirts,"Elevate your wardrobe with this white shirts from Wrogn. Crafted from premium cotton fabric offering superior comfort and durability. Features embroidered design, suitable for casual outings and daily wear. Wash care: Machine wash cold with similar colors.",Shirts,Formal Shirt,Men,White,Cotton,Slim,Long Sleeve,Embroidered,1199.0,100.0,Excellent,100.0,100.0,100.0,100.0,[],[]
PROD_028,Highlander,Highlander Men's White Cotton Floral Shirts,"Elevate your wardrobe with this white shirts from Highlander. Crafted from premium cotton fabric offering superior comfort and durability. Features floral design, suitable for casual outings and daily wear. Wash care: Machine wash cold with similar colors.",Shirts,Formal Shirt,Men,White,Cotton,Wide Leg,Sleeveless,Floral,1999.0,100.0,Excellent,100.0,100.0,100.0,100.0,[],[]
PROD_029,Roadster,Roadster Men's Blue Cotton Solid Shirts,"Elevate your wardrobe with this blue shirts from Roadster. Crafted from premium cotton fabric offering superior comfort and durability. Features solid design, suitable for casual outings and daily wear. Wash care: Machine wash cold with similar colors.",Shirts,Formal Shirt,Men,Blue,Cotton,Regular,Sleeveless,Solid,1199.0,100.0,Excellent,100.0,100.0,100.0,100.0,[],[]
PROD_030,Louis Philippe,Louis Philippe Men's Blue Cotton Printed Shirts,"Elevate your wardrobe with this blue shirts from Louis Philippe. Crafted from premium cotton fabric offering superior comfort and durability. Features printed design, suitable for casual outings and daily wear. Wash care: Machine wash cold with similar colors.",Shirts,Formal Shirt,Men,Blue,Cotton,Regular,Full Sleeve,Printed,899.0,100.0,Excellent,100.0,100.0,100.0,100.0,[],[]
PROD_031,Roadster,Roadster Men's Blue Cotton Striped Shirts,"Elevate your wardrobe with this blue shirts from Roadster. Crafted from premium cotton fabric offering superior comfort and durability. Features striped design, suitable for casual outings and daily wear. Wash care: Machine wash cold with similar colors.",Shirts,Formal Shirt,Men,Blue,Cotton,Skinny,Half Sleeve,Striped,1999.0,100.0,Excellent,100.0,100.0,100.0,100.0,[],[]
PROD_032,Allen Solly,Allen Solly Men's Blue Cotton Checked Shirts,"Elevate your wardrobe with this blue shirts from Allen Solly. Crafted from premium cotton fabric offering superior comfort and durability. Features checked design, suitable for casual outings and daily wear. Wash care: Machine wash cold with similar colors.",Shirts,Formal Shirt,Men,Blue,Cotton,Wide Leg,Long Sleeve,Checked,1999.0,100.0,Excellent,100.0,100.0,100.0,100.0,[],[]
PROD_033,Allen Solly,Allen Solly Men's Olive Denim Printed Shirts,"Elevate your wardrobe with this olive shirts from Allen Solly. Crafted from premium denim fabric offering superior comfort and durability. Features printed design, suitable for casual outings and daily wear. Wash care: Machine wash cold with similar colors.",Shirts,Casual Shirt,Men,Olive,,Straight,,Printed,899.0,92.08,Excellent,83.33,95.0,100.0,100.0,"[""material"", ""sleeve""]","[""Missing required attributes: material, sleeve""]"
PROD_034,Roadster,Roadster Men's Brown Denim Floral Shirts,"Elevate your wardrobe with this brown shirts from Roadster. Crafted from premium denim fabric offering superior comfort and durability. Features floral design, suitable for casual outings and daily wear. Wash care: Machine wash cold with similar colors.",Shirts,Casual Shirt,Men,Brown,,Oversized,,Floral,1999.0,92.08,Excellent,83.33,95.0,100.0,100.0,"[""material"", ""sleeve""]","[""Missing required attributes: material, sleeve""]"
PROD_035,Highlander,Highlander Men's Black Cotton Embroidered Shirts,"Elevate your wardrobe with this black shirts from Highlander. Crafted from premium cotton fabric offering superior comfort and durability. Features embroidered design, suitable for casual outings and daily wear. Wash care: Machine wash cold with similar colors.",Shirts,Casual Shirt,Men,Black,,Regular,,Embroidered,1499.0,92.08,Excellent,83.33,95.0,100.0,100.0,"[""material"", ""sleeve""]","[""Missing required attributes: material, sleeve""]"
PROD_036,Roadster,Roadster Men's Navy Linen Floral Shirts,"Elevate your wardrobe with this navy shirts from Roadster. Crafted from premium linen fabric offering superior comfort and durability. Features floral design, suitable for casual outings and daily wear. Wash care: Machine wash cold with similar colors.",Shirts,Casual Shirt,Men,Navy,,Slim,,Floral,1199.0,92.08,Excellent,83.33,95.0,100.0,100.0,"[""material"", ""sleeve""]","[""Missing required attributes: material, sleeve""]"
PROD_037,Peter England,Peter England Men's Blue Polyester Solid Shirts,"Elevate your wardrobe with this blue shirts from Peter England. Crafted from premium polyester fabric offering superior comfort and durability. Features solid design, suitable for casual outings and daily wear. Wash care: Machine wash cold with similar colors.",Shirts,Casual Shirt,Men,Blue,Polyester,Relaxed,Half Sleeve,Solid,1999.0,100.0,Excellent,100.0,100.0,100.0,100.0,[],[]
PROD_038,Louis Philippe,Louis Philippe Men's White Cotton Solid Shirts,"Elevate your wardrobe with this white shirts from Louis Philippe. Crafted from premium cotton fabric offering superior comfort and durability. Features solid design, suitable for casual outings and daily wear. Wash care: Machine wash cold with similar colors.",Shirts,Casual Shirt,Men,White,Cotton,Wide Leg,Long Sleeve,Solid,899.0,100.0,Excellent,100.0,100.0,100.0,100.0,[],[]
PROD_039,Allen Solly,Allen Solly Women's Blue Denim Printed Shirts,"Elevate your wardrobe with this blue shirts from Allen Solly. Crafted from premium denim fabric offering superior comfort and durability. Features printed design, suitable for casual outings and daily wear. Wash care: Machine wash cold with similar colors.",Shirts,Casual Shirt,Women,Blue,Denim,Relaxed,Short Sleeve,Printed,1999.0,100.0,Excellent,100.0,100.0,100.0,100.0,[],[]
PROD_040,Roadster,Roadster Women's Blue Denim Striped Shirts,"Elevate your wardrobe with this blue shirts from Roadster. Crafted from premium denim fabric offering superior comfort and durability. Features striped design, suitable for casual outings and daily wear. Wash care: Machine wash cold with similar colors.",Shirts,Casual Shirt,Women,Blue,Denim,Regular,Short Sleeve,Striped,1999.0,100.0,Excellent,100.0,100.0,100.0,100.0,[],[]
PROD_041,Spykar,Spykar Men's Blue Cotton Printed Jeans,"Elevate your wardrobe with this blue jeans from Spykar. Crafted from premium cotton fabric offering superior comfort and durability. Features printed design, suitable for casual outings and daily wear. Wash care: Machine wash cold with similar colors.",Jeans,Slim Fit Jeans,Men,Blue,Cotton,Slim,,Printed,2499.0,100.0,Excellent,100.0,100.0,100.0,100.0,[],[]
PROD_042,Flying Machine,Men's Jeans,"Elevate your wardrobe with this blue jeans from Flying Machine. Crafted from premium denim fabric offering superior comfort and durability. Features striped design, suitable for casual outings and daily wear. Wash care: Machine wash cold with similar colors.",Jeans,Slim Fit Jeans,Men,Blue,Denim,Slim,,Striped,1299.0,83.75,Good,100.0,35.0,100.0,100.0,[],"[""Title is critically short / incomplete (< 12 characters)"", ""Brand 'flying machine' not found in title"", ""Title lacks key descriptive modifiers (color, fit, or material)""]"
PROD_043,Levi's,Levi's Men's Blue Cotton Checked Jeans,Nice jeans for daily wear.,Jeans,Slim Fit Jeans,Men,Blue,Cotton,Slim,,Checked,1799.0,84.0,Good,100.0,100.0,20.0,100.0,[],"[""Description is missing or critically inadequate (< 30 characters)"", ""Description does not specify fabric / material details""]"
PROD_044,Levi's,Levi's Men's Blue Denim Printed Jeans,"Elevate your wardrobe with this blue jeans from Levi's. Crafted from premium denim fabric offering superior comfort and durability. Features printed design, suitable for casual outings and daily wear. Wash care: Machine wash cold with similar colors.",Jeans,Slim Fit Jeans,Men,Blue,Denim,Slim,,Printed,1299.0,100.0,Excellent,100.0,100.0,100.0,100.0,[],[]
PROD_045,Jack & Jones,Jack & Jones Men's Blue Denim Solid Jeans,"Elevate your wardrobe with this blue jeans from Jack & Jones. Crafted from premium denim fabric offering superior comfort and durability. Features solid design, suitable for casual outings and daily wear. Wash care: Machine wash cold with similar colors.",Jeans,Slim Fit Jeans,Men,Blue,Denim,Slim,,Solid,1799.0,100.0,Excellent,100.0,100.0,100.0,100.0,[],[]
PROD_046,Jack & Jones,Jack & Jones Men's Blue Denim Solid Jeans,"Elevate your wardrobe with this blue jeans from Jack & Jones. Crafted from premium denim fabric offering superior comfort and durability. Features solid design, suitable for casual outings and daily wear. Wash care: Machine wash cold with similar colors.",Jeans,Slim Fit Jeans,Men,Blue,Denim,Slim,,Solid,3299.0,100.0,Excellent,100.0,100.0,100.0,100.0,[],[]
PROD_047,Pepe Jeans,Pepe Jeans Men's Blue Cotton Printed Jeans,"Elevate your wardrobe with this blue jeans from Pepe Jeans. Crafted from premium cotton fabric offering superior comfort and durability. Features printed design, suitable for casual outings and daily wear. Wash care: Machine wash cold with similar colors.",Jeans,Slim Fit Jeans,Men,Blue,Cotton,Slim,,Printed,2499.0,100.0,Excellent,100.0,100.0,100.0,100.0,[],[]
PROD_048,Flying Machine,Flying Machine Men's Blue Cotton Embroidered Jeans,"Elevate your wardrobe with this blue jeans from Flying Machine. Crafted from premium cotton fabric offering superior comfort and durability. Features embroidered design, suitable for casual outings and daily wear. Wash care: Machine wash cold with similar colors.",Jeans,Slim Fit Jeans,Men,Blue,Cotton,Slim,,Embroidered,2499.0,100.0,Excellent,100.0,100.0,100.0,100.0,[],[]
PROD_049,Roadster,Roadster Men's Green Denim Floral Jeans,"Elevate your wardrobe with this green jeans from Roadster. Crafted from premium denim fabric offering superior comfort and durability. Features floral design, suitable for casual outings and daily wear. Wash care: Machine wash cold with similar colors.",Jeans,Slim Fit Jeans,Men,Green,Denim,Regular,,Floral,1299.0,100.0,Excellent,100.0,100.0,100.0,100.0,[],[]
PROD_050,Levi's,Levi's Men's Beige Denim Striped Jeans,"Elevate your wardrobe with this beige jeans from Levi's. Crafted from premium denim fabric offering superior comfort and durability. Features striped design, suitable for casual outings and daily wear. Wash care: Machine wash cold with similar colors.",Jeans,Slim Fit Jeans,Men,Beige,Denim,Skinny,,Striped,1799.0,100.0,Excellent,100.0,100.0,100.0,100.0,[],[]
PROD_051,Spykar,Spykar Men's White Denim Striped Jeans,"Elevate your wardrobe with this white jeans from Spykar. Crafted from premium denim fabric offering superior comfort and durability. Features striped design, suitable for casual outings and daily wear. Wash care: Machine wash cold with similar colors.",Jeans,Slim Fit Jeans,Men,White,Denim,Oversized,,Striped,1799.0,100.0,Excellent,100.0,100.0,100.0,100.0,[],[]
PROD_052,Roadster,Roadster Men's Beige Cotton Embroidered Jeans,"Elevate your wardrobe with this beige jeans from Roadster. Crafted from premium cotton fabric offering superior comfort and durability. Features embroidered design, suitable for casual outings and daily wear. Wash care: Machine wash cold with similar colors.",Jeans,Slim Fit Jeans,Men,Beige,Cotton,Skinny,,Embroidered,1299.0,100.0,Excellent,100.0,100.0,100.0,100.0,[],[]
PROD_053,Pepe Jeans,Pepe Jeans Women's Beige Cotton Solid Jeans,"Elevate your wardrobe with this beige jeans from Pepe Jeans. Crafted from premium cotton fabric offering superior comfort and durability. Features solid design, suitable for casual outings and daily wear. Wash care: Machine wash cold with similar colors.",Jeans,Wide Leg Jeans,Women,Beige,Cotton,,,Solid,1799.0,96.0,Excellent,90.0,100.0,100.0,100.0,"[""fit""]","[""Missing required attributes: fit""]"
PROD_054,Spykar,Spykar Women's White Denim Checked Jeans,"Elevate your wardrobe with this white jeans from Spykar. Crafted from premium denim fabric offering superior comfort and durability. Features checked design, suitable for casual outings and daily wear. Wash care: Machine wash cold with similar colors.",Jeans,Wide Leg Jeans,Women,White,Denim,,,Checked,1799.0,96.0,Excellent,90.0,100.0,100.0,100.0,"[""fit""]","[""Missing required attributes: fit""]"
PROD_055,Spykar,Spykar Women's Red Denim Striped Jeans,"Elevate your wardrobe with this red jeans from Spykar. Crafted from premium denim fabric offering superior comfort and durability. Features striped design, suitable for casual outings and daily wear. Wash care: Machine wash cold with similar colors.",Jeans,Wide Leg Jeans,Women,Red,Denim,,,Striped,1799.0,96.0,Excellent,90.0,100.0,100.0,100.0,"[""fit""]","[""Missing required attributes: fit""]"
PROD_056,Pepe Jeans,Pepe Jeans Women's Brown Cotton Floral Jeans,"Elevate your wardrobe with this brown jeans from Pepe Jeans. Crafted from premium cotton fabric offering superior comfort and durability. Features floral design, suitable for casual outings and daily wear. Wash care: Machine wash cold with similar colors.",Jeans,Wide Leg Jeans,Women,Brown,Cotton,,,Floral,2499.0,96.0,Excellent,90.0,100.0,100.0,100.0,"[""fit""]","[""Missing required attributes: fit""]"
PROD_057,Levi's,Levi's Women's White Cotton Striped Jeans,"Elevate your wardrobe with this white jeans from Levi's. Crafted from premium cotton fabric offering superior comfort and durability. Features striped design, suitable for casual outings and daily wear. Wash care: Machine wash cold with similar colors.",Jeans,Wide Leg Jeans,Women,White,Cotton,,,Striped,1299.0,96.0,Excellent,90.0,100.0,100.0,100.0,"[""fit""]","[""Missing required attributes: fit""]"
PROD_058,Levi's,Levi's Women's Green Denim Striped Jeans,"Elevate your wardrobe with this green jeans from Levi's. Crafted from premium denim fabric offering superior comfort and durability. Features striped design, suitable for casual outings and daily wear. Wash care: Machine wash cold with similar colors.",Jeans,Wide Leg Jeans,Women,Green,Denim,,,Striped,1799.0,96.0,Excellent,90.0,100.0,100.0,100.0,"[""fit""]","[""Missing required attributes: fit""]"
PROD_059,Pepe Jeans,Pepe Jeans Women's Pink Cotton Solid Jeans,"Elevate your wardrobe with this pink jeans from Pepe Jeans. Crafted from premium cotton fabric offering superior comfort and durability. Features solid design, suitable for casual outings and daily wear. Wash care: Machine wash cold with similar colors.",Jeans,Wide Leg Jeans,Women,Pink,Cotton,,,Solid,1299.0,96.0,Excellent,90.0,100.0,100.0,100.0,"[""fit""]","[""Missing required attributes: fit""]"
PROD_060,Levi's,Levi's Women's Maroon Denim Solid Jeans,"Elevate your wardrobe with this maroon jeans from Levi's. Crafted from premium denim fabric offering superior comfort and durability. Features solid design, suitable for casual outings and daily wear. Wash care: Machine wash cold with similar colors.",Jeans,Wide Leg Jeans,Women,Maroon,Denim,,,Solid,2499.0,96.0,Excellent,90.0,100.0,100.0,100.0,"[""fit""]","[""Missing required attributes: fit""]"
PROD_061,AND,AND Women's Pink Silk Solid Dresses,"Elevate your wardrobe with this pink dresses from AND. Crafted from premium silk fabric offering superior comfort and durability. Features solid design, suitable for casual outings and daily wear. Wash care: Machine wash cold with similar colors.",Dresses,Maxi Dress,Women,Pink,Silk,Relaxed,Half Sleeve,Solid,2499.0,100.0,Excellent,100.0,100.0,100.0,100.0,[],[]
PROD_062,Biba,Women's Dresses,"Elevate your wardrobe with this pink dresses from Biba. Crafted from premium cotton fabric offering superior comfort and durability. Features embroidered design, suitable for casual outings and daily wear. Wash care: Machine wash cold with similar colors.",Dresses,Midi Dress,Women,Pink,Cotton,Oversized,Half Sleeve,Embroidered,1899.0,87.5,Excellent,100.0,50.0,100.0,100.0,[],"[""Title is too brief (< 20 characters)"", ""Brand 'biba' not found in title"", ""Title lacks key descriptive modifiers (color, fit, or material)""]"
PROD_063,MANGO,MANGO Women's Pink Polyester Floral Dresses,Nice dresses for daily wear.,Dresses,Maxi Dress,Women,Pink,Polyester,Straight,Long Sleeve,Floral,1899.0,84.0,Good,100.0,100.0,20.0,100.0,[],"[""Description is missing or critically inadequate (< 30 characters)"", ""Description does not specify fabric / material details""]"
PROD_064,Tokyo Talkies,Tokyo Talkies Women's Pink Silk Printed Dresses,"Elevate your wardrobe with this pink dresses from Tokyo Talkies. Crafted from premium silk fabric offering superior comfort and durability. Features printed design, suitable for casual outings and daily wear. Wash care: Machine wash cold with similar colors.",Dresses,Midi Dress,Women,Pink,Silk,Relaxed,Full Sleeve,Printed,2499.0,100.0,Excellent,100.0,100.0,100.0,100.0,[],[]
PROD_065,Forever 21,Forever 21 Women's Pink Silk Embroidered Dresses,"Elevate your wardrobe with this pink dresses from Forever 21. Crafted from premium silk fabric offering superior comfort and durability. Features embroidered design, suitable for casual outings and daily wear. Wash care: Machine wash cold with similar colors.",Dresses,Maxi Dress,Women,Pink,Silk,Oversized,Half Sleeve,Embroidered,1299.0,100.0,Excellent,100.0,100.0,100.0,100.0,[],[]
PROD_066,Forever 21,Forever 21 Women's Pink Viscose Floral Dresses,"Elevate your wardrobe with this pink dresses from Forever 21. Crafted from premium viscose fabric offering superior comfort and durability. Features floral design, suitable for casual outings and daily wear. Wash care: Machine wash cold with similar colors.",Dresses,Midi Dress,Women,Pink,Viscose,Slim,Half Sleeve,Floral,2499.0,100.0,Excellent,100.0,100.0,100.0,100.0,[],[]
PROD_067,Biba,Biba Women's Pink Silk Embroidered Dresses,"Elevate your wardrobe with this pink dresses from Biba. Crafted from premium silk fabric offering superior comfort and durability. Features embroidered design, suitable for casual outings and daily wear. Wash care: Machine wash cold with similar colors.",Dresses,Maxi Dress,Women,Pink,Silk,Slim,Full Sleeve,Embroidered,1899.0,100.0,Excellent,100.0,100.0,100.0,100.0,[],[]
PROD_068,Forever 21,Forever 21 Women's Pink Polyester Striped Dresses,"Elevate your wardrobe with this pink dresses from Forever 21. Crafted from premium polyester fabric offering superior comfort and durability. Features striped design, suitable for casual outings and daily wear. Wash care: Machine wash cold with similar colors.",Dresses,Midi Dress,Women,Pink,Polyester,Straight,Full Sleeve,Striped,2499.0,100.0,Excellent,100.0,100.0,100.0,100.0,[],[]
PROD_069,MANGO,MANGO Women's Beige Viscose Striped Dresses,"Elevate your wardrobe with this beige dresses from MANGO. Crafted from premium viscose fabric offering superior comfort and durability. Features striped design, suitable for casual outings and daily wear. Wash care: Machine wash cold with similar colors.",Dresses,Maxi Dress,Women,Beige,Viscose,Wide Leg,Long Sleeve,Striped,1299.0,100.0,Excellent,100.0,100.0,100.0,100.0,[],[]
PROD_070,DressBerry,DressBerry Women's Red Silk Solid Dresses,"Elevate your wardrobe with this red dresses from DressBerry. Crafted from premium silk fabric offering superior comfort and durability. Features solid design, suitable for casual outings and daily wear. Wash care: Machine wash cold with similar colors.",Dresses,Midi Dress,Women,Red,Silk,Skinny,Sleeveless,Solid,1299.0,100.0,Excellent,100.0,100.0,100.0,100.0,[],[]
PROD_071,AND,AND Women's Yellow Polyester Floral Dresses,"Elevate your wardrobe with this yellow dresses from AND. Crafted from premium polyester fabric offering superior comfort and durability. Features floral design, suitable for casual outings and daily wear. Wash care: Machine wash cold with similar colors.",Dresses,Maxi Dress,Women,Yellow,Polyester,Wide Leg,Sleeveless,Floral,1299.0,100.0,Excellent,100.0,100.0,100.0,100.0,[],[]
PROD_072,Forever 21,Forever 21 Women's Grey Silk Embroidered Dresses,"Elevate your wardrobe with this grey dresses from Forever 21. Crafted from premium silk fabric offering superior comfort and durability. Features embroidered design, suitable for casual outings and daily wear. Wash care: Machine wash cold with similar colors.",Dresses,Midi Dress,Women,Grey,Silk,Oversized,Full Sleeve,Embroidered,3499.0,100.0,Excellent,100.0,100.0,100.0,100.0,[],[]
PROD_073,DressBerry,DressBerry Women's Beige Rayon Striped Dresses,"Elevate your wardrobe with this beige dresses from DressBerry. Crafted from premium rayon fabric offering superior comfort and durability. Features striped design, suitable for casual outings and daily wear. Wash care: Machine wash cold with similar colors.",Dresses,Maxi Dress,Women,Beige,Rayon,Wide Leg,Half Sleeve,Striped,3499.0,100.0,Excellent,100.0,100.0,100.0,100.0,[],[]
PROD_074,DressBerry,DressBerry Women's Brown Polyester Embroidered Dresses,"Elevate your wardrobe with this brown dresses from DressBerry. Crafted from premium polyester fabric offering superior comfort and durability. Features embroidered design, suitable for casual outings and daily wear. Wash care: Machine wash cold with similar colors.",Dresses,Midi Dress,Women,Brown,Polyester,Skinny,Sleeveless,Embroidered,1299.0,100.0,Excellent,100.0,100.0,100.0,100.0,[],[]
PROD_075,MANGO,MANGO Women's Red Rayon Striped Dresses,"Elevate your wardrobe with this red dresses from MANGO. Crafted from premium rayon fabric offering superior comfort and durability. Features striped design, suitable for casual outings and daily wear. Wash care: Machine wash cold with similar colors.",Dresses,Maxi Dress,Women,Red,Rayon,Oversized,Short Sleeve,Striped,3499.0,100.0,Excellent,100.0,100.0,100.0,100.0,[],[]
PROD_076,MANGO,MANGO Women's Red Rayon Floral Dresses,"Elevate your wardrobe with this red dresses from MANGO. Crafted from premium rayon fabric offering superior comfort and durability. Features floral design, suitable for casual outings and daily wear. Wash care: Machine wash cold with similar colors.",Dresses,Midi Dress,Women,Red,Rayon,Slim,Half Sleeve,Floral,3499.0,100.0,Excellent,100.0,100.0,100.0,100.0,[],[]
PROD_077,MANGO,MANGO Women's Maroon Silk Striped Dresses,"Elevate your wardrobe with this maroon dresses from MANGO. Crafted from premium silk fabric offering superior comfort and durability. Features striped design, suitable for casual outings and daily wear. Wash care: Machine wash cold with similar colors.",Dresses,Maxi Dress,Women,Maroon,Silk,Skinny,Long Sleeve,Striped,3499.0,100.0,Excellent,100.0,100.0,100.0,100.0,[],[]
PROD_078,AND,AND Women's Black Polyester Floral Dresses,"Elevate your wardrobe with this black dresses from AND. Crafted from premium polyester fabric offering superior comfort and durability. Features floral design, suitable for casual outings and daily wear. Wash care: Machine wash cold with similar colors.",Dresses,Midi Dress,Women,Black,Polyester,Oversized,Half Sleeve,Floral,2499.0,100.0,Excellent,100.0,100.0,100.0,100.0,[],[]
PROD_079,Forever 21,Forever 21 Women's Pink Viscose Checked Dresses,"Elevate your wardrobe with this pink dresses from Forever 21. Crafted from premium viscose fabric offering superior comfort and durability. Features checked design, suitable for casual outings and daily wear. Wash care: Machine wash cold with similar colors.",Dresses,Maxi Dress,Women,Pink,Viscose,Wide Leg,Half Sleeve,Checked,3499.0,100.0,Excellent,100.0,100.0,100.0,100.0,[],[]
PROD_080,MANGO,MANGO Women's Blue Cotton Embroidered Dresses,"Elevate your wardrobe with this blue dresses from MANGO. Crafted from premium cotton fabric offering superior comfort and durability. Features embroidered design, suitable for casual outings and daily wear. Wash care: Machine wash cold with similar colors.",Dresses,Midi Dress,Women,Blue,Cotton,Oversized,Long Sleeve,Embroidered,2499.0,100.0,Excellent,100.0,100.0,100.0,100.0,[],[]
PROD_081,Puma,Puma Men's White Leather None Sneakers,"Elevate your wardrobe with this white sneakers from Puma. Crafted from premium leather fabric offering superior comfort and durability. Features clean design, suitable for casual outings and daily wear. Wash care: Machine wash cold with similar colors.",Sneakers,Low-Top Sneakers,Men,White,Leather,,,,3999.0,100.0,Excellent,100.0,100.0,100.0,100.0,[],[]
PROD_082,Nike,Men's Sneakers,"Elevate your wardrobe with this white sneakers from Nike. Crafted from premium leather fabric offering superior comfort and durability. Features clean design, suitable for casual outings and daily wear. Wash care: Machine wash cold with similar colors.",Sneakers,Low-Top Sneakers,Men,White,Leather,,,,2799.0,87.5,Excellent,100.0,50.0,100.0,100.0,[],"[""Title is too brief (< 20 characters)"", ""Brand 'nike' not found in title"", ""Title lacks key descriptive modifiers (color, fit, or material)""]"
PROD_083,Puma,Puma Men's White Leather None Sneakers,Nice sneakers for daily wear.,Sneakers,Low-Top Sneakers,Men,White,Leather,,,,5499.0,84.0,Good,100.0,100.0,20.0,100.0,[],"[""Description is missing or critically inadequate (< 30 characters)"", ""Description does not specify fabric / material details""]"
PROD_084,Red Tape,Red Tape Men's White Canvas None Sneakers,"Elevate your wardrobe with this white sneakers from Red Tape. Crafted from premium canvas fabric offering superior comfort and durability. Features clean design, suitable for casual outings and daily wear. Wash care: Machine wash cold with similar colors.",Sneakers,Low-Top Sneakers,Men,White,Canvas,,,,5499.0,100.0,Excellent,100.0,100.0,100.0,100.0,[],[]
PROD_085,HRX,HRX Men's White Leather None Sneakers,"Elevate your wardrobe with this white sneakers from HRX. Crafted from premium leather fabric offering superior comfort and durability. Features clean design, suitable for casual outings and daily wear. Wash care: Machine wash cold with similar colors.",Sneakers,Low-Top Sneakers,Men,White,Leather,,,,5499.0,100.0,Excellent,100.0,100.0,100.0,100.0,[],[]
PROD_086,HRX,HRX Men's White Leather None Sneakers,"Elevate your wardrobe with this white sneakers from HRX. Crafted from premium leather fabric offering superior comfort and durability. Features clean design, suitable for casual outings and daily wear. Wash care: Machine wash cold with similar colors.",Sneakers,Low-Top Sneakers,Men,White,Leather,,,,2799.0,100.0,Excellent,100.0,100.0,100.0,100.0,[],[]
PROD_087,Campus,Campus Men's White Canvas None Sneakers,"Elevate your wardrobe with this white sneakers from Campus. Crafted from premium canvas fabric offering superior comfort and durability. Features clean design, suitable for casual outings and daily wear. Wash care: Machine wash cold with similar colors.",Sneakers,Low-Top Sneakers,Men,White,Canvas,,,,1999.0,100.0,Excellent,100.0,100.0,100.0,100.0,[],[]
PROD_088,HRX,HRX Men's White Leather None Sneakers,"Elevate your wardrobe with this white sneakers from HRX. Crafted from premium leather fabric offering superior comfort and durability. Features clean design, suitable for casual outings and daily wear. Wash care: Machine wash cold with similar colors.",Sneakers,Low-Top Sneakers,Men,White,Leather,,,,5499.0,100.0,Excellent,100.0,100.0,100.0,100.0,[],[]
PROD_089,Puma,Puma Men's White Leather None Sneakers,"Elevate your wardrobe with this white sneakers from Puma. Crafted from premium leather fabric offering superior comfort and durability. Features clean design, suitable for casual outings and daily wear. Wash care: Machine wash cold with similar colors.",Sneakers,Low-Top Sneakers,Men,White,Leather,,,,1999.0,100.0,Excellent,100.0,100.0,100.0,100.0,[],[]
PROD_090,HRX,HRX Men's White Synthetic None Sneakers,"Elevate your wardrobe with this white sneakers from HRX. Crafted from premium synthetic fabric offering superior comfort and durability. Features clean design, suitable for casual outings and daily wear. Wash care: Machine wash cold with similar colors.",Sneakers,Low-Top Sneakers,Men,White,Synthetic,,,,3999.0,100.0,Excellent,100.0,100.0,100.0,100.0,[],[]
PROD_091,HRX,HRX Men's Grey Synthetic None Sneakers,"Elevate your wardrobe with this grey sneakers from HRX. Crafted from premium synthetic fabric offering superior comfort and durability. Features clean design, suitable for casual outings and daily wear. Wash care: Machine wash cold with similar colors.",Sneakers,Low-Top Sneakers,Men,Grey,Synthetic,,,,5499.0,100.0,Excellent,100.0,100.0,100.0,100.0,[],[]
PROD_092,Nike,Nike Men's Maroon Synthetic None Sneakers,"Elevate your wardrobe with this maroon sneakers from Nike. Crafted from premium synthetic fabric offering superior comfort and durability. Features clean design, suitable for casual outings and daily wear. Wash care: Machine wash cold with similar colors.",Sneakers,Low-Top Sneakers,Men,Maroon,Synthetic,,,,5499.0,100.0,Excellent,100.0,100.0,100.0,100.0,[],[]
PROD_093,Adidas,Adidas Men's Olive Leather None Sneakers,"Elevate your wardrobe with this olive sneakers from Adidas. Crafted from premium leather fabric offering superior comfort and durability. Features clean design, suitable for casual outings and daily wear. Wash care: Machine wash cold with similar colors.",Sneakers,Low-Top Sneakers,Men,Olive,Leather,,,,3999.0,100.0,Excellent,100.0,100.0,100.0,100.0,[],[]
PROD_094,Red Tape,Red Tape Men's Pink Leather None Sneakers,"Elevate your wardrobe with this pink sneakers from Red Tape. Crafted from premium leather fabric offering superior comfort and durability. Features clean design, suitable for casual outings and daily wear. Wash care: Machine wash cold with similar colors.",Sneakers,Low-Top Sneakers,Men,Pink,Leather,,,,3999.0,100.0,Excellent,100.0,100.0,100.0,100.0,[],[]
PROD_095,HRX,HRX Men's White Mesh None Sneakers,"Elevate your wardrobe with this white sneakers from HRX. Crafted from premium mesh fabric offering superior comfort and durability. Features clean design, suitable for casual outings and daily wear. Wash care: Machine wash cold with similar colors.",Sneakers,Low-Top Sneakers,Men,White,Mesh,,,,2799.0,100.0,Excellent,100.0,100.0,100.0,100.0,[],[]
PROD_096,Adidas,Adidas Men's Green Mesh None Sneakers,"Elevate your wardrobe with this green sneakers from Adidas. Crafted from premium mesh fabric offering superior comfort and durability. Features clean design, suitable for casual outings and daily wear. Wash care: Machine wash cold with similar colors.",Sneakers,Low-Top Sneakers,Men,Green,Mesh,,,,1999.0,100.0,Excellent,100.0,100.0,100.0,100.0,[],[]
PROD_097,Nike,Nike Unisex Blue Leather None Sneakers,"Elevate your wardrobe with this blue sneakers from Nike. Crafted from premium leather fabric offering superior comfort and durability. Features clean design, suitable for casual outings and daily wear. Wash care: Machine wash cold with similar colors.",Sneakers,Low-Top Sneakers,Unisex,Blue,Leather,,,,5499.0,100.0,Excellent,100.0,100.0,100.0,100.0,[],[]
PROD_098,Campus,Campus Unisex Blue Leather None Sneakers,"Elevate your wardrobe with this blue sneakers from Campus. Crafted from premium leather fabric offering superior comfort and durability. Features clean design, suitable for casual outings and daily wear. Wash care: Machine wash cold with similar colors.",Sneakers,Low-Top Sneakers,Unisex,Blue,Leather,,,,1999.0,100.0,Excellent,100.0,100.0,100.0,100.0,[],[]
PROD_099,HRX,HRX Women's Yellow Mesh None Sneakers,"Elevate your wardrobe with this yellow sneakers from HRX. Crafted from premium mesh fabric offering superior comfort and durability. Features clean design, suitable for casual outings and daily wear. Wash care: Machine wash cold with similar colors.",Sneakers,Low-Top Sneakers,Women,Yellow,Mesh,,,,5499.0,100.0,Excellent,100.0,100.0,100.0,100.0,[],[]
PROD_100,HRX,HRX Women's Black Leather None Sneakers,"Elevate your wardrobe with this black sneakers from HRX. Crafted from premium leather fabric offering superior comfort and durability. Features clean design, suitable for casual outings and daily wear. Wash care: Machine wash cold with similar colors.",Sneakers,Low-Top Sneakers,Women,Black,Leather,,,,5499.0,100.0,Excellent,100.0,100.0,100.0,100.0,[],[]
PROD_101,Adidas,Adidas Men's Black Mesh None Running Shoes,"Elevate your wardrobe with this black running shoes from Adidas. Crafted from premium mesh fabric offering superior comfort and durability. Features clean design, suitable for casual outings and daily wear. Wash care: Machine wash cold with similar colors.",Running Shoes,Athletic Shoes,Men,Black,Mesh,,,,6999.0,100.0,Excellent,100.0,100.0,100.0,100.0,[],[]
PROD_102,Adidas,Men's Running Shoes,"Elevate your wardrobe with this black running shoes from Adidas. Crafted from premium mesh fabric offering superior comfort and durability. Features clean design, suitable for casual outings and daily wear. Wash care: Machine wash cold with similar colors.",Running Shoes,Athletic Shoes,Men,Black,Mesh,,,,4999.0,87.5,Excellent,100.0,50.0,100.0,100.0,[],"[""Title is too brief (< 20 characters)"", ""Brand 'adidas' not found in title"", ""Title lacks key descriptive modifiers (color, fit, or material)""]"
PROD_103,Adidas,Adidas Men's Black Mesh None Running Shoes,Nice running shoes for daily wear.,Running Shoes,Athletic Shoes,Men,Black,Mesh,,,,6999.0,86.0,Excellent,100.0,100.0,30.0,100.0,[],"[""Description is very brief (< 60 characters)"", ""Description does not specify fabric / material details""]"
PROD_104,Asics,Asics Men's Black Mesh None Running Shoes,"Elevate your wardrobe with this black running shoes from Asics. Crafted from premium mesh fabric offering superior comfort and durability. Features clean design, suitable for casual outings and daily wear. Wash care: Machine wash cold with similar colors.",Running Shoes,Athletic Shoes,Men,Black,Mesh,,,,6999.0,100.0,Excellent,100.0,100.0,100.0,100.0,[],[]
PROD_105,Nike,Nike Men's Black Mesh None Running Shoes,"Elevate your wardrobe with this black running shoes from Nike. Crafted from premium mesh fabric offering superior comfort and durability. Features clean design, suitable for casual outings and daily wear. Wash care: Machine wash cold with similar colors.",Running Shoes,Athletic Shoes,Men,Black,Mesh,,,,6999.0,100.0,Excellent,100.0,100.0,100.0,100.0,[],[]
PROD_106,Decathlon Kalenji,Decathlon Kalenji Men's Black Mesh None Running Shoes,"Elevate your wardrobe with this black running shoes from Decathlon Kalenji. Crafted from premium mesh fabric offering superior comfort and durability. Features clean design, suitable for casual outings and daily wear. Wash care: Machine wash cold with similar colors.",Running Shoes,Athletic Shoes,Men,Black,Mesh,,,,3499.0,100.0,Excellent,100.0,100.0,100.0,100.0,[],[]
PROD_107,Reebok,Reebok Men's Black Mesh None Running Shoes,"Elevate your wardrobe with this black running shoes from Reebok. Crafted from premium mesh fabric offering superior comfort and durability. Features clean design, suitable for casual outings and daily wear. Wash care: Machine wash cold with similar colors.",Running Shoes,Athletic Shoes,Men,Black,Mesh,,,,6999.0,100.0,Excellent,100.0,100.0,100.0,100.0,[],[]
PROD_108,Reebok,Reebok Men's Black Mesh None Running Shoes,"Elevate your wardrobe with this black running shoes from Reebok. Crafted from premium mesh fabric offering superior comfort and durability. Features clean design, suitable for casual outings and daily wear. Wash care: Machine wash cold with similar colors.",Running Shoes,Athletic Shoes,Men,Black,Mesh,,,,2499.0,100.0,Excellent,100.0,100.0,100.0,100.0,[],[]
PROD_109,Decathlon Kalenji,Decathlon Kalenji Men's Black Mesh None Running Shoes,"Elevate your wardrobe with this black running shoes from Decathlon Kalenji. Crafted from premium mesh fabric offering superior comfort and durability. Features clean design, suitable for casual outings and daily wear. Wash care: Machine wash cold with similar colors.",Running Shoes,Athletic Shoes,Men,Black,Mesh,,,,6999.0,100.0,Excellent,100.0,100.0,100.0,100.0,[],[]
PROD_110,Asics,Asics Men's Black Mesh None Running Shoes,"Elevate your wardrobe with this black running shoes from Asics. Crafted from premium mesh fabric offering superior comfort and durability. Features clean design, suitable for casual outings and daily wear. Wash care: Machine wash cold with similar colors.",Running Shoes,Athletic Shoes,Men,Black,Mesh,,,,6999.0,100.0,Excellent,100.0,100.0,100.0,100.0,[],[]
PROD_111,Puma,Puma Men's Black Mesh None Running Shoes,"Elevate your wardrobe with this black running shoes from Puma. Crafted from premium mesh fabric offering superior comfort and durability. Features clean design, suitable for casual outings and daily wear. Wash care: Machine wash cold with similar colors.",Running Shoes,Athletic Shoes,Men,Black,Mesh,,,,4999.0,100.0,Excellent,100.0,100.0,100.0,100.0,[],[]
PROD_112,Puma,Puma Men's Black Mesh None Running Shoes,"Elevate your wardrobe with this black running shoes from Puma. Crafted from premium mesh fabric offering superior comfort and durability. Features clean design, suitable for casual outings and daily wear. Wash care: Machine wash cold with similar colors.",Running Shoes,Athletic Shoes,Men,Black,Mesh,,,,4999.0,100.0,Excellent,100.0,100.0,100.0,100.0,[],[]
PROD_113,Adidas,Adidas Men's Red Mesh None Running Shoes,"Elevate your wardrobe with this red running shoes from Adidas. Crafted from premium mesh fabric offering superior comfort and durability. Features clean design, suitable for casual outings and daily wear. Wash care: Machine wash cold with similar colors.",Running Shoes,Athletic Shoes,Men,Red,Mesh,,,,6999.0,100.0,Excellent,100.0,100.0,100.0,100.0,[],[]
PROD_114,Nike,Nike Men's Maroon Mesh None Running Shoes,"Elevate your wardrobe with this maroon running shoes from Nike. Crafted from premium mesh fabric offering superior comfort and durability. Features clean design, suitable for casual outings and daily wear. Wash care: Machine wash cold with similar colors.",Running Shoes,Athletic Shoes,Men,Maroon,Mesh,,,,4999.0,100.0,Excellent,100.0,100.0,100.0,100.0,[],[]
PROD_115,Asics,Asics Men's Brown Mesh None Running Shoes,"Elevate your wardrobe with this brown running shoes from Asics. Crafted from premium mesh fabric offering superior comfort and durability. Features clean design, suitable for casual outings and daily wear. Wash care: Machine wash cold with similar colors.",Running Shoes,Athletic Shoes,Men,Brown,Mesh,,,,2499.0,100.0,Excellent,100.0,100.0,100.0,100.0,[],[]
PROD_116,Nike,Nike Men's Navy Synthetic None Running Shoes,"Elevate your wardrobe with this navy running shoes from Nike. Crafted from premium synthetic fabric offering superior comfort and durability. Features clean design, suitable for casual outings and daily wear. Wash care: Machine wash cold with similar colors.",Running Shoes,Athletic Shoes,Men,Navy,Synthetic,,,,2499.0,100.0,Excellent,100.0,100.0,100.0,100.0,[],[]
PROD_117,Reebok,Reebok Men's Blue Synthetic None Running Shoes,"Elevate your wardrobe with this blue running shoes from Reebok. Crafted from premium synthetic fabric offering superior comfort and durability. Features clean design, suitable for casual outings and daily wear. Wash care: Machine wash cold with similar colors.",Running Shoes,Athletic Shoes,Men,Blue,Synthetic,,,,3499.0,100.0,Excellent,100.0,100.0,100.0,100.0,[],[]
PROD_118,Adidas,Adidas Men's Brown Mesh None Running Shoes,"Elevate your wardrobe with this brown running shoes from Adidas. Crafted from premium mesh fabric offering superior comfort and durability. Features clean design, suitable for casual outings and daily wear. Wash care: Machine wash cold with similar colors.",Running Shoes,Athletic Shoes,Men,Brown,Mesh,,,,3499.0,100.0,Excellent,100.0,100.0,100.0,100.0,[],[]
PROD_119,Adidas,Adidas Women's Maroon Waterproof None Running Shoes,"Elevate your wardrobe with this maroon running shoes from Adidas. Crafted from premium waterproof fabric offering superior comfort and durability. Features clean design, suitable for casual outings and daily wear. Wash care: Machine wash cold with similar colors.",Running Shoes,Athletic Shoes,Women,Maroon,Waterproof,,,,4999.0,100.0,Excellent,100.0,100.0,100.0,100.0,[],[]
PROD_120,Asics,Asics Women's Grey Mesh None Running Shoes,"Elevate your wardrobe with this grey running shoes from Asics. Crafted from premium mesh fabric offering superior comfort and durability. Features clean design, suitable for casual outings and daily wear. Wash care: Machine wash cold with similar colors.",Running Shoes,Athletic Shoes,Women,Grey,Mesh,,,,3499.0,100.0,Excellent,100.0,100.0,100.0,100.0,[],[]
PROD_121,Wildcraft,Wildcraft Men's White Denim Embroidered Jackets,"Elevate your wardrobe with this white jackets from Wildcraft. Crafted from premium denim fabric offering superior comfort and durability. Features embroidered design, suitable for casual outings and daily wear. Wash care: Machine wash cold with similar colors.",Jackets,Bomber Jacket,Men,White,Denim,Oversized,Long Sleeve,Embroidered,5999.0,100.0,Excellent,100.0,100.0,100.0,100.0,[],[]
PROD_122,Fort Collins,Men's Jackets,"Elevate your wardrobe with this maroon jackets from Fort Collins. Crafted from premium denim fabric offering superior comfort and durability. Features embroidered design, suitable for casual outings and daily wear. Wash care: Machine wash cold with similar colors.",Jackets,Bomber Jacket,Men,Maroon,Denim,Regular,Long Sleeve,Embroidered,2999.0,87.5,Excellent,100.0,50.0,100.0,100.0,[],"[""Title is too brief (< 20 characters)"", ""Brand 'fort collins' not found in title"", ""Title lacks key descriptive modifiers (color, fit, or material)""]"
PROD_123,Roadster,Roadster Men's Maroon Denim Solid Jackets,Nice jackets for daily wear.,Jackets,Bomber Jacket,Men,Maroon,Denim,Straight,Long Sleeve,Solid,1999.0,84.0,Good,100.0,100.0,20.0,100.0,[],"[""Description is missing or critically inadequate (< 30 characters)"", ""Description does not specify fabric / material details""]"
PROD_124,Wildcraft,Wildcraft Men's Beige Denim Solid Jackets,"Elevate your wardrobe with this beige jackets from Wildcraft. Crafted from premium denim fabric offering superior comfort and durability. Features solid design, suitable for casual outings and daily wear. Wash care: Machine wash cold with similar colors.",Jackets,Bomber Jacket,Men,Beige,Denim,Wide Leg,Sleeveless,Solid,4499.0,100.0,Excellent,100.0,100.0,100.0,100.0,[],[]
PROD_125,Roadster,Roadster Men's Yellow Denim Striped Jackets,"Elevate your wardrobe with this yellow jackets from Roadster. Crafted from premium denim fabric offering superior comfort and durability. Features striped design, suitable for casual outings and daily wear. Wash care: Machine wash cold with similar colors.",Jackets,Bomber Jacket,Men,Yellow,Denim,Regular,Short Sleeve,Striped,5999.0,100.0,Excellent,100.0,100.0,100.0,100.0,[],[]
PROD_126,Puma,Puma Men's Blue Denim Embroidered Jackets,"Elevate your wardrobe with this blue jackets from Puma. Crafted from premium denim fabric offering superior comfort and durability. Features embroidered design, suitable for casual outings and daily wear. Wash care: Machine wash cold with similar colors.",Jackets,Bomber Jacket,Men,Blue,Denim,Slim,Long Sleeve,Embroidered,4499.0,100.0,Excellent,100.0,100.0,100.0,100.0,[],[]
PROD_127,Monte Carlo,Monte Carlo Men's Olive Denim Embroidered Jackets,"Elevate your wardrobe with this olive jackets from Monte Carlo. Crafted from premium denim fabric offering superior comfort and durability. Features embroidered design, suitable for casual outings and daily wear. Wash care: Machine wash cold with similar colors.",Jackets,Bomber Jacket,Men,Olive,Denim,Relaxed,Short Sleeve,Embroidered,4499.0,100.0,Excellent,100.0,100.0,100.0,100.0,[],[]
PROD_128,Wildcraft,Wildcraft Men's Navy Denim Printed Jackets,"Elevate your wardrobe with this navy jackets from Wildcraft. Crafted from premium denim fabric offering superior comfort and durability. Features printed design, suitable for casual outings and daily wear. Wash care: Machine wash cold with similar colors.",Jackets,Bomber Jacket,Men,Navy,Denim,Oversized,Short Sleeve,Printed,5999.0,100.0,Excellent,100.0,100.0,100.0,100.0,[],[]
PROD_129,Monte Carlo,Monte Carlo Men's Grey Denim Floral Jackets,"Elevate your wardrobe with this grey jackets from Monte Carlo. Crafted from premium denim fabric offering superior comfort and durability. Features floral design, suitable for casual outings and daily wear. Wash care: Machine wash cold with similar colors.",Jackets,Bomber Jacket,Men,Grey,Denim,Oversized,Full Sleeve,Floral,4499.0,100.0,Excellent,100.0,100.0,100.0,100.0,[],[]
PROD_130,HRX,HRX Men's Pink Denim Striped Jackets,"Elevate your wardrobe with this pink jackets from HRX. Crafted from premium denim fabric offering superior comfort and durability. Features striped design, suitable for casual outings and daily wear. Wash care: Machine wash cold with similar colors.",Jackets,Bomber Jacket,Men,Pink,Denim,Oversized,Sleeveless,Striped,4499.0,100.0,Excellent,100.0,100.0,100.0,100.0,[],[]
PROD_131,Monte Carlo,Monte Carlo Men's Maroon Denim Checked Jackets,"Elevate your wardrobe with this maroon jackets from Monte Carlo. Crafted from premium denim fabric offering superior comfort and durability. Features checked design, suitable for casual outings and daily wear. Wash care: Machine wash cold with similar colors.",Jackets,Bomber Jacket,Men,Maroon,Denim,Skinny,Full Sleeve,Checked,2999.0,100.0,Excellent,100.0,100.0,100.0,100.0,[],[]
PROD_132,Roadster,Roadster Men's Navy Denim Printed Jackets,"Elevate your wardrobe with this navy jackets from Roadster. Crafted from premium denim fabric offering superior comfort and durability. Features printed design, suitable for casual outings and daily wear. Wash care: Machine wash cold with similar colors.",Jackets,Bomber Jacket,Men,Navy,Denim,Relaxed,Long Sleeve,Printed,5999.0,100.0,Excellent,100.0,100.0,100.0,100.0,[],[]
PROD_133,Puma,Puma Men's Maroon Nylon Solid Jackets,"Elevate your wardrobe with this maroon jackets from Puma. Crafted from premium nylon fabric offering superior comfort and durability. Features solid design, suitable for casual outings and daily wear. Wash care: Machine wash cold with similar colors.",Jackets,Bomber Jacket,Men,Maroon,Nylon,Relaxed,Full Sleeve,Solid,4499.0,100.0,Excellent,100.0,100.0,100.0,100.0,[],[]
PROD_134,HRX,HRX Men's Yellow Polyester Striped Jackets,"Elevate your wardrobe with this yellow jackets from HRX. Crafted from premium polyester fabric offering superior comfort and durability. Features striped design, suitable for casual outings and daily wear. Wash care: Machine wash cold with similar colors.",Jackets,Bomber Jacket,Men,Yellow,Polyester,Oversized,Long Sleeve,Striped,5999.0,100.0,Excellent,100.0,100.0,100.0,100.0,[],[]
PROD_135,Monte Carlo,Monte Carlo Men's Beige Denim Striped Jackets,"Elevate your wardrobe with this beige jackets from Monte Carlo. Crafted from premium denim fabric offering superior comfort and durability. Features striped design, suitable for casual outings and daily wear. Wash care: Machine wash cold with similar colors.",Jackets,Bomber Jacket,Men,Beige,Denim,Relaxed,Long Sleeve,Striped,4499.0,100.0,Excellent,100.0,100.0,100.0,100.0,[],[]
PROD_136,Puma,Puma Men's Pink Denim Printed Jackets,"Elevate your wardrobe with this pink jackets from Puma. Crafted from premium denim fabric offering superior comfort and durability. Features printed design, suitable for casual outings and daily wear. Wash care: Machine wash cold with similar colors.",Jackets,Bomber Jacket,Men,Pink,Denim,Oversized,Sleeveless,Printed,1999.0,100.0,Excellent,100.0,100.0,100.0,100.0,[],[]
PROD_137,Puma,Puma Men's Navy Denim Embroidered Jackets,"Elevate your wardrobe with this navy jackets from Puma. Crafted from premium denim fabric offering superior comfort and durability. Features embroidered design, suitable for casual outings and daily wear. Wash care: Machine wash cold with similar colors.",Jackets,Bomber Jacket,Men,Navy,Denim,Regular,Long Sleeve,Embroidered,2999.0,100.0,Excellent,100.0,100.0,100.0,100.0,[],[]
PROD_138,HRX,HRX Men's Navy Nylon Checked Jackets,"Elevate your wardrobe with this navy jackets from HRX. Crafted from premium nylon fabric offering superior comfort and durability. Features checked design, suitable for casual outings and daily wear. Wash care: Machine wash cold with similar colors.",Jackets,Bomber Jacket,Men,Navy,Nylon,Oversized,Long Sleeve,Checked,4499.0,100.0,Excellent,100.0,100.0,100.0,100.0,[],[]
PROD_139,Roadster,Roadster Women's Navy Denim Printed Jackets,"Elevate your wardrobe with this navy jackets from Roadster. Crafted from premium denim fabric offering superior comfort and durability. Features printed design, suitable for casual outings and daily wear. Wash care: Machine wash cold with similar colors.",Jackets,Biker Jacket,Women,Navy,Denim,Slim,Sleeveless,Printed,4499.0,100.0,Excellent,100.0,100.0,100.0,100.0,[],[]
PROD_140,Roadster,Roadster Women's Maroon Polyester Solid Jackets,"Elevate your wardrobe with this maroon jackets from Roadster. Crafted from premium polyester fabric offering superior comfort and durability. Features solid design, suitable for casual outings and daily wear. Wash care: Machine wash cold with similar colors.",Jackets,Biker Jacket,Women,Maroon,Polyester,Oversized,Full Sleeve,Solid,4499.0,100.0,Excellent,100.0,100.0,100.0,100.0,[],[]
PROD_141,Jack & Jones,Jack & Jones Men's Black Cotton Solid T-shirts,"Elevate your wardrobe with this black t-shirts from Jack & Jones. Crafted from premium cotton fabric offering superior comfort and durability. Features solid design, suitable for casual outings and daily wear. Wash care: Machine wash cold with similar colors.",T-shirts,Round Neck Tee,Men,Black,Cotton,,Short Sleeve,Solid,499.0,96.67,Excellent,91.67,100.0,100.0,100.0,"[""fit""]","[""Missing required attributes: fit""]"
PROD_142,Wrogn,Men's T-shirts,"Elevate your wardrobe with this black t-shirts from Wrogn. Crafted from premium cotton fabric offering superior comfort and durability. Features striped design, suitable for casual outings and daily wear. Wash care: Machine wash cold with similar colors.",T-shirts,Round Neck Tee,Men,Black,Cotton,Relaxed,Short Sleeve,Striped,699.0,87.5,Excellent,100.0,50.0,100.0,100.0,[],"[""Title is too brief (< 20 characters)"", ""Brand 'wrogn' not found in title"", ""Title lacks key descriptive modifiers (color, fit, or material)""]"
PROD_143,HRX,HRX Men's Black Cotton Floral T-shirts,Nice t-shirts for daily wear.,T-shirts,Round Neck Tee,Men,Black,Cotton,,Full Sleeve,Floral,1299.0,80.67,Good,91.67,100.0,20.0,100.0,"[""fit""]","[""Missing required attributes: fit"", ""Description is missing or critically inadequate (< 30 characters)"", ""Description does not specify fabric / material details""]"
PROD_144,HRX,HRX Men's Black Cotton Printed T-shirts,"Elevate your wardrobe with this black t-shirts from HRX. Crafted from premium cotton fabric offering superior comfort and durability. Features printed design, suitable for casual outings and daily wear. Wash care: Machine wash cold with similar colors.",T-shirts,Round Neck Tee,Men,Black,Cotton,Wide Leg,Full Sleeve,Printed,699.0,100.0,Excellent,100.0,100.0,100.0,100.0,[],[]
PROD_145,Souled Store,Souled Store Men's Black Cotton Solid T-shirts,"Elevate your wardrobe with this black t-shirts from Souled Store. Crafted from premium cotton fabric offering superior comfort and durability. Features solid design, suitable for casual outings and daily wear. Wash care: Machine wash cold with similar colors.",T-shirts,Round Neck Tee,Men,Black,Cotton,,Half Sleeve,Solid,1299.0,96.67,Excellent,91.67,100.0,100.0,100.0,"[""fit""]","[""Missing required attributes: fit""]"
PROD_146,Wrogn,Wrogn Men's Black Cotton Floral T-shirts,"Elevate your wardrobe with this black t-shirts from Wrogn. Crafted from premium cotton fabric offering superior comfort and durability. Features floral design, suitable for casual outings and daily wear. Wash care: Machine wash cold with similar colors.",T-shirts,Round Neck Tee,Men,Black,Cotton,Slim,Long Sleeve,Floral,1299.0,100.0,Excellent,100.0,100.0,100.0,100.0,[],[]
PROD_147,Bewakoof,Bewakoof Men's Black Cotton Checked T-shirts,"Elevate your wardrobe with this black t-shirts from Bewakoof. Crafted from premium cotton fabric offering superior comfort and durability. Features checked design, suitable for casual outings and daily wear. Wash care: Machine wash cold with similar colors.",T-shirts,Round Neck Tee,Men,Black,Cotton,,Sleeveless,Checked,499.0,96.67,Excellent,91.67,100.0,100.0,100.0,"[""fit""]","[""Missing required attributes: fit""]"
PROD_148,Wrogn,Wrogn Men's Maroon Cotton Embroidered T-shirts,"Elevate your wardrobe with this maroon t-shirts from Wrogn. Crafted from premium cotton fabric offering superior comfort and durability. Features embroidered design, suitable for casual outings and daily wear. Wash care: Machine wash cold with similar colors.",T-shirts,Round Neck Tee,Men,Maroon,Cotton,Straight,Half Sleeve,Embroidered,699.0,100.0,Excellent,100.0,100.0,100.0,100.0,[],[]
PROD_149,Puma,Puma Men's Brown Cotton Printed T-shirts,"Elevate your wardrobe with this brown t-shirts from Puma. Crafted from premium cotton fabric offering superior comfort and durability. Features printed design, suitable for casual outings and daily wear. Wash care: Machine wash cold with similar colors.",T-shirts,Round Neck Tee,Men,Brown,Cotton,,Half Sleeve,Printed,499.0,96.67,Excellent,91.67,100.0,100.0,100.0,"[""fit""]","[""Missing required attributes: fit""]"
PROD_150,Roadster,Roadster Men's Black Cotton Floral T-shirts,"Elevate your wardrobe with this black t-shirts from Roadster. Crafted from premium cotton fabric offering superior comfort and durability. Features floral design, suitable for casual outings and daily wear. Wash care: Machine wash cold with similar colors.",T-shirts,Round Neck Tee,Men,Black,Cotton,Relaxed,Long Sleeve,Floral,899.0,100.0,Excellent,100.0,100.0,100.0,100.0,[],[]
PROD_151,HRX,HRX Men's Navy Cotton Embroidered T-shirts,"Elevate your wardrobe with this navy t-shirts from HRX. Crafted from premium cotton fabric offering superior comfort and durability. Features embroidered design, suitable for casual outings and daily wear. Wash care: Machine wash cold with similar colors.",T-shirts,Round Neck Tee,Men,Navy,Cotton,Wide Leg,Sleeveless,Embroidered,1299.0,100.0,Excellent,100.0,100.0,100.0,100.0,[],[]
PROD_152,HRX,HRX Men's Brown Cotton Embroidered T-shirts,"Elevate your wardrobe with this brown t-shirts from HRX. Crafted from premium cotton fabric offering superior comfort and durability. Features embroidered design, suitable for casual outings and daily wear. Wash care: Machine wash cold with similar colors.",T-shirts,Round Neck Tee,Men,Brown,Cotton,Oversized,Long Sleeve,Embroidered,699.0,100.0,Excellent,100.0,100.0,100.0,100.0,[],[]
PROD_153,Bewakoof,Bewakoof Men's White Cotton Striped T-shirts,"Elevate your wardrobe with this white t-shirts from Bewakoof. Crafted from premium cotton fabric offering superior comfort and durability. Features striped design, suitable for casual outings and daily wear. Wash care: Machine wash cold with similar colors.",T-shirts,Round Neck Tee,Men,White,Cotton,Slim,Half Sleeve,Striped,699.0,100.0,Excellent,100.0,100.0,100.0,100.0,[],[]
PROD_154,HRX,HRX Men's Black Cotton Checked T-shirts,"Elevate your wardrobe with this black t-shirts from HRX. Crafted from premium cotton fabric offering superior comfort and durability. Features checked design, suitable for casual outings and daily wear. Wash care: Machine wash cold with similar colors.",T-shirts,Round Neck Tee,Men,Black,Cotton,Straight,Sleeveless,Checked,899.0,100.0,Excellent,100.0,100.0,100.0,100.0,[],[]
PROD_155,Bewakoof,Bewakoof Men's White Polyester Embroidered T-shirts,"Elevate your wardrobe with this white t-shirts from Bewakoof. Crafted from premium polyester fabric offering superior comfort and durability. Features embroidered design, suitable for casual outings and daily wear. Wash care: Machine wash cold with similar colors.",T-shirts,Round Neck Tee,Men,White,Polyester,Wide Leg,Sleeveless,Embroidered,1299.0,100.0,Excellent,100.0,100.0,100.0,100.0,[],[]
PROD_156,Puma,Puma Men's Beige Viscose Solid T-shirts,"Elevate your wardrobe with this beige t-shirts from Puma. Crafted from premium viscose fabric offering superior comfort and durability. Features solid design, suitable for casual outings and daily wear. Wash care: Machine wash cold with similar colors.",T-shirts,Round Neck Tee,Men,Beige,Viscose,Relaxed,Short Sleeve,Solid,499.0,100.0,Excellent,100.0,100.0,100.0,100.0,[],[]
PROD_157,Bewakoof,Bewakoof Men's Maroon Polyester Solid T-shirts,"Elevate your wardrobe with this maroon t-shirts from Bewakoof. Crafted from premium polyester fabric offering superior comfort and durability. Features solid design, suitable for casual outings and daily wear. Wash care: Machine wash cold with similar colors.",T-shirts,Round Neck Tee,Men,Maroon,Polyester,Skinny,Sleeveless,Solid,499.0,100.0,Excellent,100.0,100.0,100.0,100.0,[],[]
PROD_158,Roadster,Roadster Men's Brown Viscose Embroidered T-shirts,"Elevate your wardrobe with this brown t-shirts from Roadster. Crafted from premium viscose fabric offering superior comfort and durability. Features embroidered design, suitable for casual outings and daily wear. Wash care: Machine wash cold with similar colors.",T-shirts,Round Neck Tee,Men,Brown,Viscose,Skinny,Full Sleeve,Embroidered,899.0,100.0,Excellent,100.0,100.0,100.0,100.0,[],[]
PROD_159,Wrogn,Wrogn Women's Black Cotton Embroidered T-shirts,"Elevate your wardrobe with this black t-shirts from Wrogn. Crafted from premium cotton fabric offering superior comfort and durability. Features embroidered design, suitable for casual outings and daily wear. Wash care: Machine wash cold with similar colors.",T-shirts,Round Neck Tee,Women,Black,Cotton,Relaxed,Long Sleeve,Embroidered,1299.0,100.0,Excellent,100.0,100.0,100.0,100.0,[],[]
PROD_160,Puma,Puma Women's Blue Viscose Solid T-shirts,"Elevate your wardrobe with this blue t-shirts from Puma. Crafted from premium viscose fabric offering superior comfort and durability. Features solid design, suitable for casual outings and daily wear. Wash care: Machine wash cold with similar colors.",T-shirts,Round Neck Tee,Women,Blue,Viscose,Relaxed,Short Sleeve,Solid,1299.0,100.0,Excellent,100.0,100.0,100.0,100.0,[],[]
PROD_161,Blackberrys,Blackberrys Men's Black Polyester Embroidered Trousers,"Elevate your wardrobe with this black trousers from Blackberrys. Crafted from premium polyester fabric offering superior comfort and durability. Features embroidered design, suitable for casual outings and daily wear. Wash care: Machine wash cold with similar colors.",Trousers,Chinos,Men,Black,Polyester,Oversized,,Embroidered,1199.0,100.0,Excellent,100.0,100.0,100.0,100.0,[],[]
PROD_162,Peter England,Men's Trousers,"Elevate your wardrobe with this black trousers from Peter England. Crafted from premium viscose fabric offering superior comfort and durability. Features floral design, suitable for casual outings and daily wear. Wash care: Machine wash cold with similar colors.",Trousers,Chinos,Men,Black,Viscose,Wide Leg,,Floral,2199.0,87.5,Excellent,100.0,50.0,100.0,100.0,[],"[""Title is too brief (< 20 characters)"", ""Brand 'peter england' not found in title"", ""Title lacks key descriptive modifiers (color, fit, or material)""]"
PROD_163,Highlander,Highlander Men's Black Cotton Solid Trousers,Nice trousers for daily wear.,Trousers,Chinos,Men,Black,Cotton,Relaxed,,Solid,2199.0,84.0,Good,100.0,100.0,20.0,100.0,[],"[""Description is missing or critically inadequate (< 30 characters)"", ""Description does not specify fabric / material details""]"
PROD_164,Blackberrys,Blackberrys Men's Black Cotton Floral Trousers,"Elevate your wardrobe with this black trousers from Blackberrys. Crafted from premium cotton fabric offering superior comfort and durability. Features floral design, suitable for casual outings and daily wear. Wash care: Machine wash cold with similar colors.",Trousers,Chinos,Men,Black,Cotton,Straight,,Floral,1199.0,100.0,Excellent,100.0,100.0,100.0,100.0,[],[]
PROD_165,Mark & Spencer,Mark & Spencer Men's Black Viscose Printed Trousers,"Elevate your wardrobe with this black trousers from Mark & Spencer. Crafted from premium viscose fabric offering superior comfort and durability. Features printed design, suitable for casual outings and daily wear. Wash care: Machine wash cold with similar colors.",Trousers,Chinos,Men,Black,Viscose,Regular,,Printed,2199.0,100.0,Excellent,100.0,100.0,100.0,100.0,[],[]
PROD_166,Mark & Spencer,Mark & Spencer Men's Black Viscose Floral Trousers,"Elevate your wardrobe with this black trousers from Mark & Spencer. Crafted from premium viscose fabric offering superior comfort and durability. Features floral design, suitable for casual outings and daily wear. Wash care: Machine wash cold with similar colors.",Trousers,Chinos,Men,Black,Viscose,Wide Leg,,Floral,1199.0,100.0,Excellent,100.0,100.0,100.0,100.0,[],[]
PROD_167,Peter England,Peter England Men's Black Linen Floral Trousers,"Elevate your wardrobe with this black trousers from Peter England. Crafted from premium linen fabric offering superior comfort and durability. Features floral design, suitable for casual outings and daily wear. Wash care: Machine wash cold with similar colors.",Trousers,Chinos,Men,Black,Linen,Oversized,,Floral,2799.0,100.0,Excellent,100.0,100.0,100.0,100.0,[],[]
PROD_168,Allen Solly,Allen Solly Men's Black Linen Printed Trousers,"Elevate your wardrobe with this black trousers from Allen Solly. Crafted from premium linen fabric offering superior comfort and durability. Features printed design, suitable for casual outings and daily wear. Wash care: Machine wash cold with similar colors.",Trousers,Chinos,Men,Black,Linen,Wide Leg,,Printed,2199.0,100.0,Excellent,100.0,100.0,100.0,100.0,[],[]
PROD_169,Mark & Spencer,Mark & Spencer Men's Black Viscose Printed Trousers,"Elevate your wardrobe with this black trousers from Mark & Spencer. Crafted from premium viscose fabric offering superior comfort and durability. Features printed design, suitable for casual outings and daily wear. Wash care: Machine wash cold with similar colors.",Trousers,Chinos,Men,Black,Viscose,Regular,,Printed,1199.0,100.0,Excellent,100.0,100.0,100.0,100.0,[],[]
PROD_170,Highlander,Highlander Men's Black Linen Embroidered Trousers,"Elevate your wardrobe with this black trousers from Highlander. Crafted from premium linen fabric offering superior comfort and durability. Features embroidered design, suitable for casual outings and daily wear. Wash care: Machine wash cold with similar colors.",Trousers,Chinos,Men,Black,Linen,Relaxed,,Embroidered,2199.0,100.0,Excellent,100.0,100.0,100.0,100.0,[],[]
PROD_171,Mark & Spencer,Mark & Spencer Men's Maroon Polyester Floral Trousers,"Elevate your wardrobe with this maroon trousers from Mark & Spencer. Crafted from premium polyester fabric offering superior comfort and durability. Features floral design, suitable for casual outings and daily wear. Wash care: Machine wash cold with similar colors.",Trousers,Chinos,Men,Maroon,Polyester,Relaxed,,Floral,2799.0,100.0,Excellent,100.0,100.0,100.0,100.0,[],[]
PROD_172,Peter England,Peter England Men's Pink Linen Printed Trousers,"Elevate your wardrobe with this pink trousers from Peter England. Crafted from premium linen fabric offering superior comfort and durability. Features printed design, suitable for casual outings and daily wear. Wash care: Machine wash cold with similar colors.",Trousers,Chinos,Men,Pink,Linen,Relaxed,,Printed,1599.0,100.0,Excellent,100.0,100.0,100.0,100.0,[],[]
PROD_173,Allen Solly,Allen Solly Men's Red Viscose Checked Trousers,"Elevate your wardrobe with this red trousers from Allen Solly. Crafted from premium viscose fabric offering superior comfort and durability. Features checked design, suitable for casual outings and daily wear. Wash care: Machine wash cold with similar colors.",Trousers,Chinos,Men,Red,Viscose,Oversized,,Checked,2199.0,100.0,Excellent,100.0,100.0,100.0,100.0,[],[]
PROD_174,Allen Solly,Allen Solly Men's Red Polyester Checked Trousers,"Elevate your wardrobe with this red trousers from Allen Solly. Crafted from premium polyester fabric offering superior comfort and durability. Features checked design, suitable for casual outings and daily wear. Wash care: Machine wash cold with similar colors.",Trousers,Chinos,Men,Red,Polyester,Straight,,Checked,2799.0,100.0,Excellent,100.0,100.0,100.0,100.0,[],[]
PROD_175,Peter England,Peter England Men's Pink Viscose Striped Trousers,"Elevate your wardrobe with this pink trousers from Peter England. Crafted from premium viscose fabric offering superior comfort and durability. Features striped design, suitable for casual outings and daily wear. Wash care: Machine wash cold with similar colors.",Trousers,Chinos,Men,Pink,Viscose,Oversized,,Striped,2799.0,100.0,Excellent,100.0,100.0,100.0,100.0,[],[]
PROD_176,Highlander,Highlander Men's Green Linen Printed Trousers,"Elevate your wardrobe with this green trousers from Highlander. Crafted from premium linen fabric offering superior comfort and durability. Features printed design, suitable for casual outings and daily wear. Wash care: Machine wash cold with similar colors.",Trousers,Chinos,Men,Green,Linen,Wide Leg,,Printed,2799.0,100.0,Excellent,100.0,100.0,100.0,100.0,[],[]
PROD_177,Peter England,Peter England Men's Olive Viscose Striped Trousers,"Elevate your wardrobe with this olive trousers from Peter England. Crafted from premium viscose fabric offering superior comfort and durability. Features striped design, suitable for casual outings and daily wear. Wash care: Machine wash cold with similar colors.",Trousers,Cargos,Men,Olive,Viscose,Regular,,Striped,2799.0,100.0,Excellent,100.0,100.0,100.0,100.0,[],[]
PROD_178,Highlander,Highlander Men's Yellow Linen Solid Trousers,"Elevate your wardrobe with this yellow trousers from Highlander. Crafted from premium linen fabric offering superior comfort and durability. Features solid design, suitable for casual outings and daily wear. Wash care: Machine wash cold with similar colors.",Trousers,Cargos,Men,Yellow,Linen,Relaxed,,Solid,1599.0,100.0,Excellent,100.0,100.0,100.0,100.0,[],[]
PROD_179,Mark & Spencer,Mark & Spencer Women's Grey Polyester Solid Trousers,"Elevate your wardrobe with this grey trousers from Mark & Spencer. Crafted from premium polyester fabric offering superior comfort and durability. Features solid design, suitable for casual outings and daily wear. Wash care: Machine wash cold with similar colors.",Trousers,Chinos,Women,Grey,Polyester,Straight,,Solid,2799.0,100.0,Excellent,100.0,100.0,100.0,100.0,[],[]
PROD_180,Allen Solly,Allen Solly Women's Beige Viscose Embroidered Trousers,"Elevate your wardrobe with this beige trousers from Allen Solly. Crafted from premium viscose fabric offering superior comfort and durability. Features embroidered design, suitable for casual outings and daily wear. Wash care: Machine wash cold with similar colors.",Trousers,Chinos,Women,Beige,Viscose,Regular,,Embroidered,1599.0,100.0,Excellent,100.0,100.0,100.0,100.0,[],[]
PROD_181,Lino Perros,Lino Perros Women's Brown Leather Solid Handbags,"Elevate your wardrobe with this brown handbags from Lino Perros. Crafted from premium leather fabric offering superior comfort and durability. Features solid design, suitable for casual outings and daily wear. Wash care: Machine wash cold with similar colors.",Handbags,Tote Bag,Women,Brown,Leather,,,Solid,4999.0,100.0,Excellent,100.0,100.0,100.0,100.0,[],[]
PROD_182,Caprese,Women's Handbags,"Elevate your wardrobe with this brown handbags from Caprese. Crafted from premium leather fabric offering superior comfort and durability. Features embroidered design, suitable for casual outings and daily wear. Wash care: Machine wash cold with similar colors.",Handbags,Tote Bag,Women,Brown,Leather,,,Embroidered,1499.0,87.5,Excellent,100.0,50.0,100.0,100.0,[],"[""Title is too brief (< 20 characters)"", ""Brand 'caprese' not found in title"", ""Title lacks key descriptive modifiers (color, fit, or material)""]"
PROD_183,Caprese,Caprese Women's Brown Leather Striped Handbags,Nice handbags for daily wear.,Handbags,Tote Bag,Women,Brown,Leather,,,Striped,4999.0,84.0,Good,100.0,100.0,20.0,100.0,[],"[""Description is missing or critically inadequate (< 30 characters)"", ""Description does not specify fabric / material details""]"
PROD_184,Hidesign,Hidesign Women's Brown Leather Printed Handbags,"Elevate your wardrobe with this brown handbags from Hidesign. Crafted from premium leather fabric offering superior comfort and durability. Features printed design, suitable for casual outings and daily wear. Wash care: Machine wash cold with similar colors.",Handbags,Tote Bag,Women,Brown,Leather,,,Printed,3499.0,100.0,Excellent,100.0,100.0,100.0,100.0,[],[]
PROD_185,Baggit,Baggit Women's Brown Leather Floral Handbags,"Elevate your wardrobe with this brown handbags from Baggit. Crafted from premium leather fabric offering superior comfort and durability. Features floral design, suitable for casual outings and daily wear. Wash care: Machine wash cold with similar colors.",Handbags,Tote Bag,Women,Brown,Leather,,,Floral,1499.0,100.0,Excellent,100.0,100.0,100.0,100.0,[],[]
PROD_186,Accessorize London,Accessorize London Women's Brown Leather Floral Handbags,"Elevate your wardrobe with this brown handbags from Accessorize London. Crafted from premium leather fabric offering superior comfort and durability. Features floral design, suitable for casual outings and daily wear. Wash care: Machine wash cold with similar colors.",Handbags,Tote Bag,Women,Brown,Leather,,,Floral,2299.0,100.0,Excellent,100.0,100.0,100.0,100.0,[],[]
PROD_187,Accessorize London,Accessorize London Women's Brown Leather Solid Handbags,"Elevate your wardrobe with this brown handbags from Accessorize London. Crafted from premium leather fabric offering superior comfort and durability. Features solid design, suitable for casual outings and daily wear. Wash care: Machine wash cold with similar colors.",Handbags,Tote Bag,Women,Brown,Leather,,,Solid,3499.0,100.0,Excellent,100.0,100.0,100.0,100.0,[],[]
PROD_188,Lavie,Lavie Women's Brown Leather Striped Handbags,"Elevate your wardrobe with this brown handbags from Lavie. Crafted from premium leather fabric offering superior comfort and durability. Features striped design, suitable for casual outings and daily wear. Wash care: Machine wash cold with similar colors.",Handbags,Tote Bag,Women,Brown,Leather,,,Striped,4999.0,100.0,Excellent,100.0,100.0,100.0,100.0,[],[]
PROD_189,Baggit,Baggit Women's Brown Leather Checked Handbags,"Elevate your wardrobe with this brown handbags from Baggit. Crafted from premium leather fabric offering superior comfort and durability. Features checked design, suitable for casual outings and daily wear. Wash care: Machine wash cold with similar colors.",Handbags,Tote Bag,Women,Brown,Leather,,,Checked,2299.0,100.0,Excellent,100.0,100.0,100.0,100.0,[],[]
PROD_190,Baggit,Baggit Women's Brown Leather Checked Handbags,"Elevate your wardrobe with this brown handbags from Baggit. Crafted from premium leather fabric offering superior comfort and durability. Features checked design, suitable for casual outings and daily wear. Wash care: Machine wash cold with similar colors.",Handbags,Tote Bag,Women,Brown,Leather,,,Checked,4999.0,100.0,Excellent,100.0,100.0,100.0,100.0,[],[]
PROD_191,Hidesign,Hidesign Women's Brown Synthetic Floral Handbags,"Elevate your wardrobe with this brown handbags from Hidesign. Crafted from premium synthetic fabric offering superior comfort and durability. Features floral design, suitable for casual outings and daily wear. Wash care: Machine wash cold with similar colors.",Handbags,Tote Bag,Women,Brown,Synthetic,,,Floral,2299.0,100.0,Excellent,100.0,100.0,100.0,100.0,[],[]
PROD_192,Baggit,Baggit Women's Pink Canvas Floral Handbags,"Elevate your wardrobe with this pink handbags from Baggit. Crafted from premium canvas fabric offering superior comfort and durability. Features floral design, suitable for casual outings and daily wear. Wash care: Machine wash cold with similar colors.",Handbags,Tote Bag,Women,Pink,Canvas,,,Floral,3499.0,100.0,Excellent,100.0,100.0,100.0,100.0,[],[]
PROD_193,Accessorize London,Accessorize London Women's Black Jute Striped Handbags,"Elevate your wardrobe with this black handbags from Accessorize London. Crafted from premium jute fabric offering superior comfort and durability. Features striped design, suitable for casual outings and daily wear. Wash care: Machine wash cold with similar colors.",Handbags,Shoulder Bag,Women,Black,Jute,,,Striped,2299.0,100.0,Excellent,100.0,100.0,100.0,100.0,[],[]
PROD_194,Lavie,Lavie Women's Pink Canvas Checked Handbags,"Elevate your wardrobe with this pink handbags from Lavie. Crafted from premium canvas fabric offering superior comfort and durability. Features checked design, suitable for casual outings and daily wear. Wash care: Machine wash cold with similar colors.",Handbags,Shoulder Bag,Women,Pink,Canvas,,,Checked,3499.0,100.0,Excellent,100.0,100.0,100.0,100.0,[],[]
PROD_195,Accessorize London,Accessorize London Women's Yellow Canvas Floral Handbags,"Elevate your wardrobe with this yellow handbags from Accessorize London. Crafted from premium canvas fabric offering superior comfort and durability. Features floral design, suitable for casual outings and daily wear. Wash care: Machine wash cold with similar colors.",Handbags,Shoulder Bag,Women,Yellow,Canvas,,,Floral,3499.0,100.0,Excellent,100.0,100.0,100.0,100.0,[],[]
PROD_196,Baggit,Baggit Women's Yellow Jute Solid Handbags,"Elevate your wardrobe with this yellow handbags from Baggit. Crafted from premium jute fabric offering superior comfort and durability. Features solid design, suitable for casual outings and daily wear. Wash care: Machine wash cold with similar colors.",Handbags,Shoulder Bag,Women,Yellow,Jute,,,Solid,2299.0,100.0,Excellent,100.0,100.0,100.0,100.0,[],[]
PROD_197,Lino Perros,Lino Perros Women's Grey Canvas Checked Handbags,"Elevate your wardrobe with this grey handbags from Lino Perros. Crafted from premium canvas fabric offering superior comfort and durability. Features checked design, suitable for casual outings and daily wear. Wash care: Machine wash cold with similar colors.",Handbags,Shoulder Bag,Women,Grey,Canvas,,,Checked,3499.0,100.0,Excellent,100.0,100.0,100.0,100.0,[],[]
PROD_198,Accessorize London,Accessorize London Women's Red Leather Embroidered Handbags,"Elevate your wardrobe with this red handbags from Accessorize London. Crafted from premium leather fabric offering superior comfort and durability. Features embroidered design, suitable for casual outings and daily wear. Wash care: Machine wash cold with similar colors.",Handbags,Shoulder Bag,Women,Red,Leather,,,Embroidered,4999.0,100.0,Excellent,100.0,100.0,100.0,100.0,[],[]
PROD_199,Caprese,Caprese Women's Black Leather Checked Handbags,"Elevate your wardrobe with this black handbags from Caprese. Crafted from premium leather fabric offering superior comfort and durability. Features checked design, suitable for casual outings and daily wear. Wash care: Machine wash cold with similar colors.",Handbags,Shoulder Bag,Women,Black,Leather,,,Checked,4999.0,100.0,Excellent,100.0,100.0,100.0,100.0,[],[]
PROD_200,Caprese,Caprese Women's Olive Synthetic Checked Handbags,"Elevate your wardrobe with this olive handbags from Caprese. Crafted from premium synthetic fabric offering superior comfort and durability. Features checked design, suitable for casual outings and daily wear. Wash care: Machine wash cold with similar colors.",Handbags,Shoulder Bag,Women,Olive,Synthetic,,,Checked,3499.0,100.0,Excellent,100.0,100.0,100.0,100.0,[],[]
